ID,Industry,Revenue Group,Status,Assigned Consultant
67dba4ad,Retail,< $10M,Unassigned,
9862d854,Retail,> $100M,Unassigned,
53bda08e,Tech,< $10M,Unassigned,
0309277f,Retail,< $10M,Unassigned,
ffd69172,Financial,> $100M,Unassigned,
877d43b7,Healthcare,> $100M,Unassigned,
e77d3225,Healthcare,$10M - $100M,Unassigned,
41c7766d,Retail,$10M - $100M,Unassigned,
b7d17434,Financial,> $100M,Unassigned,
71ea7776,Tech,> $100M,Unassigned,
bf51524c,Retail,> $100M,Unassigned,
ff0e3de1,Retail,$10M - $100M,Unassigned,
b55fb2b0,Tech,$10M - $100M,Unassigned,
50a2c1b6,Financial,< $10M,Unassigned,
26e4af7f,Healthcare,> $100M,Unassigned,
c0bc75e2,Healthcare,< $10M,Unassigned,
e0b3d159,Tech,$10M - $100M,Unassigned,
478f02aa,Tech,> $100M,Unassigned,
6632bcac,Financial,< $10M,Unassigned,
accab72e,Healthcare,$10M - $100M,Unassigned,
098aa33a,Tech,> $100M,Unassigned,
fc8c699d,Tech,> $100M,Unassigned,
d654c788,Financial,< $10M,Unassigned,
5a6aacef,Retail,< $10M,Unassigned,
1159167b,Financial,> $100M,Unassigned,
cd83e2dc,Healthcare,> $100M,Unassigned,
8f382ecf,Tech,> $100M,Unassigned,
3df87b93,Tech,$10M - $100M,Unassigned,
80f3b56f,Tech,$10M - $100M,Unassigned,
e5817bdc,Tech,> $100M,Unassigned,
2eaf0c1b,Financial,$10M - $100M,Unassigned,
be578c31,Financial,< $10M,Unassigned,
f45737e2,Healthcare,< $10M,Unassigned,
e343ed6d,Tech,< $10M,Unassigned,
0ac52860,Healthcare,> $100M,Unassigned,
fcba6432,Tech,$10M - $100M,Unassigned,
f60f4dae,Tech,< $10M,Unassigned,
121a5b13,Tech,> $100M,Unassigned,
f34270ac,Tech,< $10M,Unassigned,
eb1cff89,Financial,< $10M,Unassigned,
80f9da8a,Financial,< $10M,Unassigned,
9e9c4271,Tech,> $100M,Unassigned,
7cfe9a7b,Healthcare,$10M - $100M,Unassigned,
31c7acfc,Tech,$10M - $100M,Unassigned,
c88cb5ab,Tech,$10M - $100M,Unassigned,
df17166c,Retail,$10M - $100M,Unassigned,
5245f39f,Tech,< $10M,Unassigned,
829026d4,Healthcare,$10M - $100M,Unassigned,
aec35f63,Healthcare,> $100M,Unassigned,
8fb8d20b,Healthcare,< $10M,Unassigned,
4a36046b,Tech,< $10M,Unassigned,
7b96e77e,Tech,$10M - $100M,Unassigned,
eece79b1,Retail,$10M - $100M,Unassigned,
5e2b303d,Tech,< $10M,Unassigned,
555195e0,Financial,< $10M,Unassigned,
0b3e260b,Healthcare,> $100M,Unassigned,
b898913e,Financial,< $10M,Unassigned,
a50dd0c0,Financial,$10M - $100M,Unassigned,
a418e50a,Healthcare,< $10M,Unassigned,
9a83b807,Retail,< $10M,Unassigned,
fac8018f,Retail,> $100M,Unassigned,
25ba93e2,Healthcare,> $100M,Unassigned,
5b9afa51,Tech,> $100M,Unassigned,
b7590ada,Retail,$10M - $100M,Unassigned,
4892741b,Retail,$10M - $100M,Unassigned,
6cb57093,Financial,$10M - $100M,Unassigned,
36ef7975,Tech,$10M - $100M,Unassigned,
392033a0,Retail,< $10M,Unassigned,
9aa3db1b,Tech,> $100M,Unassigned,
2c8bde6a,Financial,$10M - $100M,Unassigned,
17761d37,Healthcare,> $100M,Unassigned,
ab544004,Tech,$10M - $100M,Unassigned,
49f94ee6,Tech,< $10M,Unassigned,
94c73da9,Financial,< $10M,Unassigned,
b6bfcf3f,Tech,< $10M,Unassigned,
468605e8,Healthcare,> $100M,Unassigned,
93fdd766,Tech,< $10M,Unassigned,
1b994d84,Retail,< $10M,Unassigned,
e6e1bca9,Healthcare,> $100M,Unassigned,
0b463e08,Retail,$10M - $100M,Unassigned,
54f7a133,Healthcare,> $100M,Unassigned,
ac6ed46a,Tech,> $100M,Unassigned,
f49851f5,Financial,< $10M,Unassigned,
e0010036,Tech,< $10M,Unassigned,
00e9880d,Financial,$10M - $100M,Unassigned,
731a4195,Retail,$10M - $100M,Unassigned,
a8073b61,Healthcare,> $100M,Unassigned,
616fab10,Retail,< $10M,Unassigned,
ab26fa50,Tech,$10M - $100M,Unassigned,
6eba085b,Financial,> $100M,Unassigned,
d854fd59,Financial,> $100M,Unassigned,
78121230,Retail,< $10M,Unassigned,
fd0e85b9,Tech,$10M - $100M,Unassigned,
90b7fb0e,Financial,< $10M,Unassigned,
def2fd75,Retail,$10M - $100M,Unassigned,
2e93aba1,Retail,$10M - $100M,Unassigned,
47a712db,Financial,> $100M,Unassigned,
76ff75b9,Retail,> $100M,Unassigned,
a47db9f1,Financial,< $10M,Unassigned,
49b9fa64,Financial,$10M - $100M,Unassigned,
7ed2fbeb,Healthcare,> $100M,Unassigned,
9ea34f48,Retail,> $100M,Unassigned,
58094447,Financial,$10M - $100M,Unassigned,
af570c80,Healthcare,< $10M,Unassigned,
2d6cecec,Tech,< $10M,Unassigned,
a8410ec0,Financial,$10M - $100M,Unassigned,
91047512,Financial,< $10M,Unassigned,
bd73dc00,Healthcare,< $10M,Unassigned,
7cc797e1,Financial,< $10M,Unassigned,
2b94489d,Tech,< $10M,Unassigned,
e77e52b8,Retail,$10M - $100M,Unassigned,
ac68276f,Financial,< $10M,Unassigned,
883bdc75,Financial,> $100M,Unassigned,
2aae80e4,Retail,> $100M,Unassigned,
14da3df3,Healthcare,$10M - $100M,Unassigned,
4b2b8f44,Retail,< $10M,Unassigned,
65d0dc66,Retail,$10M - $100M,Unassigned,
e9af134f,Tech,< $10M,Unassigned,
46babc52,Tech,< $10M,Unassigned,
2d678b12,Tech,< $10M,Unassigned,
a44e9e5b,Healthcare,$10M - $100M,Unassigned,
16400cd4,Retail,> $100M,Unassigned,
fd407459,Tech,$10M - $100M,Unassigned,
96d8226a,Retail,< $10M,Unassigned,
648f1baf,Retail,> $100M,Unassigned,
ed568d00,Healthcare,< $10M,Unassigned,
a1ec08d3,Tech,> $100M,Unassigned,
a3c0546e,Healthcare,$10M - $100M,Unassigned,
f6450579,Financial,> $100M,Unassigned,
fa836b6f,Tech,> $100M,Unassigned,
2a6cf1e4,Financial,< $10M,Unassigned,
d29d5102,Financial,< $10M,Unassigned,
19c9fae4,Retail,> $100M,Unassigned,
267456cd,Retail,$10M - $100M,Unassigned,
4642cc9e,Healthcare,$10M - $100M,Unassigned,
fcde60c7,Retail,$10M - $100M,Unassigned,
8caa0c8d,Financial,< $10M,Unassigned,
2e4aa1ce,Tech,< $10M,Unassigned,
d8a65a55,Retail,> $100M,Unassigned,
1506b72b,Healthcare,$10M - $100M,Unassigned,
ee20a325,Healthcare,$10M - $100M,Unassigned,
35c98191,Tech,$10M - $100M,Unassigned,
01c3ca93,Financial,> $100M,Unassigned,
dbc5dcc5,Financial,> $100M,Unassigned,
8fe8fbf4,Healthcare,< $10M,Unassigned,
f9901857,Healthcare,> $100M,Unassigned,
79f1b044,Retail,> $100M,Unassigned,
f368c020,Tech,$10M - $100M,Unassigned,
a8e1acbe,Healthcare,$10M - $100M,Unassigned,
14107da2,Healthcare,$10M - $100M,Unassigned,
e4b4e74c,Retail,< $10M,Unassigned,
c643d53b,Tech,> $100M,Unassigned,
7ea168f6,Financial,$10M - $100M,Unassigned,
56425f2b,Tech,$10M - $100M,Unassigned,
1d02afb1,Financial,$10M - $100M,Unassigned,
25ae02a8,Healthcare,> $100M,Unassigned,
9bfdafdd,Retail,> $100M,Unassigned,
5da6034b,Financial,< $10M,Unassigned,
0da6594b,Retail,> $100M,Unassigned,
9ec69b69,Healthcare,< $10M,Unassigned,
22bb5ec7,Tech,$10M - $100M,Unassigned,
619d09d0,Healthcare,$10M - $100M,Unassigned,
e16f2960,Healthcare,< $10M,Unassigned,
ab763053,Healthcare,$10M - $100M,Unassigned,
792751dc,Financial,< $10M,Unassigned,
34c6b2e7,Healthcare,> $100M,Unassigned,
aba77c1c,Tech,< $10M,Unassigned,
211504d1,Tech,> $100M,Unassigned,
e18d0550,Financial,> $100M,Unassigned,
8eae24e3,Financial,> $100M,Unassigned,
5a6ebda9,Healthcare,< $10M,Unassigned,
81d0698d,Tech,> $100M,Unassigned,
e984cb05,Healthcare,$10M - $100M,Unassigned,
567f3b6d,Financial,> $100M,Unassigned,
990b51b7,Healthcare,< $10M,Unassigned,
8ee98a3a,Healthcare,< $10M,Unassigned,
3dcb2c56,Financial,< $10M,Unassigned,
e90cc61c,Retail,> $100M,Unassigned,
b59b8aa2,Financial,> $100M,Unassigned,
2b741ae7,Financial,< $10M,Unassigned,
460559c0,Financial,$10M - $100M,Unassigned,
f27d7f17,Healthcare,> $100M,Unassigned,
9d6b4e1d,Tech,$10M - $100M,Unassigned,
b00d689b,Financial,> $100M,Unassigned,
22d7181f,Retail,$10M - $100M,Unassigned,
930cf404,Tech,> $100M,Unassigned,
545d37b7,Financial,< $10M,Unassigned,
c726847a,Tech,> $100M,Unassigned,
85fa56a9,Tech,$10M - $100M,Unassigned,
7eaa0538,Retail,> $100M,Unassigned,
e3f903cb,Financial,< $10M,Unassigned,
635cbccf,Financial,> $100M,Unassigned,
4f97f891,Healthcare,< $10M,Unassigned,
c804cc2b,Tech,$10M - $100M,Unassigned,
9c7a4895,Tech,> $100M,Unassigned,
6c347f7c,Retail,> $100M,Unassigned,
f85f0353,Retail,> $100M,Unassigned,
3f5f79b8,Retail,> $100M,Unassigned,
260241c2,Healthcare,$10M - $100M,Unassigned,
9e5138ce,Retail,< $10M,Unassigned,
43f855d2,Tech,> $100M,Unassigned,
c74908d8,Retail,$10M - $100M,Unassigned,
90382c0d,Retail,< $10M,Unassigned,
99f20caf,Financial,$10M - $100M,Unassigned,
9a1cb6f4,Retail,$10M - $100M,Unassigned,
68b896c0,Financial,$10M - $100M,Unassigned,
b2f9b29f,Tech,> $100M,Unassigned,
056efe75,Healthcare,$10M - $100M,Unassigned,
24e8d292,Healthcare,$10M - $100M,Unassigned,
eb22e81c,Tech,< $10M,Unassigned,
5cb072ec,Financial,> $100M,Unassigned,
8642db00,Retail,< $10M,Unassigned,
7f5ab90d,Financial,> $100M,Unassigned,
fde7b6ca,Retail,> $100M,Unassigned,
c68d89c0,Healthcare,> $100M,Unassigned,
01609acb,Healthcare,$10M - $100M,Unassigned,
a891266d,Tech,< $10M,Unassigned,
cf2706e1,Retail,< $10M,Unassigned,
f106fa72,Healthcare,$10M - $100M,Unassigned,
0665097b,Healthcare,> $100M,Unassigned,
cd942daf,Retail,< $10M,Unassigned,
395dc491,Tech,< $10M,Unassigned,
8a5ebc8d,Healthcare,$10M - $100M,Unassigned,
2e3c8e57,Tech,> $100M,Unassigned,
e7bb561b,Healthcare,> $100M,Unassigned,
0bca798d,Retail,> $100M,Unassigned,
4e213256,Financial,> $100M,Unassigned,
1bd59834,Tech,$10M - $100M,Unassigned,
3b967ddb,Healthcare,< $10M,Unassigned,
76b47694,Healthcare,> $100M,Unassigned,
b6680286,Financial,$10M - $100M,Unassigned,
332e3a5d,Retail,< $10M,Unassigned,
0688e253,Financial,> $100M,Unassigned,
f5285318,Financial,< $10M,Unassigned,
adb4088d,Financial,< $10M,Unassigned,
de4a7f41,Healthcare,$10M - $100M,Unassigned,
30b0885a,Healthcare,< $10M,Unassigned,
9b317c3b,Financial,$10M - $100M,Unassigned,
c71bf9d5,Retail,> $100M,Unassigned,
4b237aa3,Financial,$10M - $100M,Unassigned,
551b6e1b,Retail,$10M - $100M,Unassigned,
ffecf004,Financial,$10M - $100M,Unassigned,
e7a9b53d,Retail,< $10M,Unassigned,
661cdac7,Financial,< $10M,Unassigned,
c3867572,Retail,> $100M,Unassigned,
9d59717a,Financial,< $10M,Unassigned,
aa1a8fdc,Tech,> $100M,Unassigned,
f32e18ae,Tech,$10M - $100M,Unassigned,
598eacf5,Tech,> $100M,Unassigned,
eb8cd978,Tech,$10M - $100M,Unassigned,
77292e26,Retail,$10M - $100M,Unassigned,
afc95b6b,Healthcare,< $10M,Unassigned,
49cbbee6,Retail,$10M - $100M,Unassigned,
e4e5099e,Financial,< $10M,Unassigned,
532e1cbe,Retail,$10M - $100M,Unassigned,
320eb419,Tech,$10M - $100M,Unassigned,
ec313e4e,Retail,$10M - $100M,Unassigned,
98116b19,Healthcare,< $10M,Unassigned,
162c7218,Retail,> $100M,Unassigned,
90ad7cc9,Healthcare,< $10M,Unassigned,
271df8af,Tech,$10M - $100M,Unassigned,
3e39d7e8,Healthcare,$10M - $100M,Unassigned,
706dffc8,Healthcare,$10M - $100M,Unassigned,
e4173982,Tech,> $100M,Unassigned,
06e232eb,Tech,> $100M,Unassigned,
2735d25f,Healthcare,< $10M,Unassigned,
d3c41f3e,Financial,< $10M,Unassigned,
28f62c85,Retail,> $100M,Unassigned,
7a81aa35,Tech,> $100M,Unassigned,
da1e6ee1,Retail,$10M - $100M,Unassigned,
884ca391,Financial,< $10M,Unassigned,
2ec19bab,Healthcare,< $10M,Unassigned,
52626ca9,Financial,< $10M,Unassigned,
744681bc,Healthcare,$10M - $100M,Unassigned,
2d25cbdf,Healthcare,$10M - $100M,Unassigned,
bf803011,Financial,$10M - $100M,Unassigned,
22936c25,Healthcare,> $100M,Unassigned,
35892c8f,Financial,$10M - $100M,Unassigned,
96125b44,Retail,$10M - $100M,Unassigned,
03ebdecf,Financial,$10M - $100M,Unassigned,
cee76bcb,Retail,< $10M,Unassigned,
58393dfa,Tech,$10M - $100M,Unassigned,
c6dca490,Tech,< $10M,Unassigned,
2082c9cb,Retail,$10M - $100M,Unassigned,
e9ff63d9,Tech,> $100M,Unassigned,
7b239179,Financial,> $100M,Unassigned,
cf1f3e31,Tech,< $10M,Unassigned,
540ca776,Retail,$10M - $100M,Unassigned,
e301ed56,Retail,> $100M,Unassigned,
f567b18c,Financial,$10M - $100M,Unassigned,
5aea3227,Healthcare,$10M - $100M,Unassigned,
99487ea3,Financial,$10M - $100M,Unassigned,
33b0cfa4,Financial,< $10M,Unassigned,
88d046c7,Healthcare,> $100M,Unassigned,
629d7a08,Tech,> $100M,Unassigned,
5b812527,Financial,$10M - $100M,Unassigned,
0d69a630,Healthcare,< $10M,Unassigned,
3ff97d5c,Tech,< $10M,Unassigned,
c7c8bcaf,Financial,> $100M,Unassigned,
c7abbb31,Financial,> $100M,Unassigned,
ba2ddbf7,Tech,> $100M,Unassigned,
ff61da5e,Tech,< $10M,Unassigned,
bfcecc82,Healthcare,< $10M,Unassigned,
e8543639,Financial,> $100M,Unassigned,
07c26f26,Healthcare,> $100M,Unassigned,
fe4a0e12,Healthcare,$10M - $100M,Unassigned,
62d08816,Financial,$10M - $100M,Unassigned,
dc79b214,Healthcare,< $10M,Unassigned,
92a6de8e,Tech,> $100M,Unassigned,
0bac2bb4,Retail,$10M - $100M,Unassigned,
dff843e7,Retail,> $100M,Unassigned,
cfb9e080,Healthcare,$10M - $100M,Unassigned,
8e50389b,Healthcare,< $10M,Unassigned,
e3bd72b1,Tech,< $10M,Unassigned,
b806a5da,Retail,$10M - $100M,Unassigned,
f1abba76,Healthcare,< $10M,Unassigned,
8b163e41,Tech,$10M - $100M,Unassigned,
55e3d314,Healthcare,< $10M,Unassigned,
3d3e23e4,Healthcare,< $10M,Unassigned,
b1f761fc,Tech,> $100M,Unassigned,
dc006026,Retail,< $10M,Unassigned,
d699c004,Healthcare,$10M - $100M,Unassigned,
420555dd,Tech,> $100M,Unassigned,
a3d59837,Financial,> $100M,Unassigned,
cc9cc361,Financial,< $10M,Unassigned,
16cee9f3,Healthcare,< $10M,Unassigned,
a284fecd,Healthcare,> $100M,Unassigned,
64d736ee,Retail,> $100M,Unassigned,
a3b9fe52,Healthcare,> $100M,Unassigned,
7bf28fb1,Tech,< $10M,Unassigned,
f5961ecd,Healthcare,< $10M,Unassigned,
bda20ab3,Healthcare,> $100M,Unassigned,
05ab8d95,Financial,$10M - $100M,Unassigned,
3587b762,Tech,$10M - $100M,Unassigned,
3c301741,Healthcare,< $10M,Unassigned,
adcfe304,Tech,$10M - $100M,Unassigned,
8d248b6c,Healthcare,< $10M,Unassigned,
9149e46e,Healthcare,$10M - $100M,Unassigned,
955ec2a8,Healthcare,$10M - $100M,Unassigned,
5bd863b9,Tech,> $100M,Unassigned,
34fb529c,Tech,< $10M,Unassigned,
4372f49f,Tech,< $10M,Unassigned,
41462ed8,Retail,> $100M,Unassigned,
eec415b7,Retail,$10M - $100M,Unassigned,
d046f6b7,Retail,> $100M,Unassigned,
1388239a,Financial,> $100M,Unassigned,
afda455a,Retail,< $10M,Unassigned,
52e0a2ee,Healthcare,< $10M,Unassigned,
afe5bd49,Healthcare,$10M - $100M,Unassigned,
1252fd9e,Tech,$10M - $100M,Unassigned,
8c80aa3c,Retail,$10M - $100M,Unassigned,
e2a1943e,Tech,< $10M,Unassigned,
fca70b87,Healthcare,< $10M,Unassigned,
e8a65440,Healthcare,> $100M,Unassigned,
fce0a32b,Healthcare,< $10M,Unassigned,
8dc2f44b,Healthcare,$10M - $100M,Unassigned,
8828db4b,Healthcare,$10M - $100M,Unassigned,
6b1710bc,Healthcare,> $100M,Unassigned,
f59d4f11,Tech,> $100M,Unassigned,
53661749,Financial,> $100M,Unassigned,
0d5b6e8f,Healthcare,> $100M,Unassigned,
1ef0382a,Retail,< $10M,Unassigned,
0fd3c69d,Financial,> $100M,Unassigned,
9a363b12,Healthcare,> $100M,Unassigned,
7ae0dcb3,Healthcare,$10M - $100M,Unassigned,
2735820d,Retail,< $10M,Unassigned,
ea36810a,Healthcare,> $100M,Unassigned,
2d7aa175,Tech,< $10M,Unassigned,
767cafca,Financial,> $100M,Unassigned,
9bbb2feb,Healthcare,$10M - $100M,Unassigned,
c0e5f974,Retail,< $10M,Unassigned,
640cfc79,Financial,> $100M,Unassigned,
38226e18,Healthcare,$10M - $100M,Unassigned,
7f98d5a5,Financial,> $100M,Unassigned,
c1f38380,Healthcare,$10M - $100M,Unassigned,
fca872cf,Retail,< $10M,Unassigned,
742a199a,Retail,$10M - $100M,Unassigned,
29f3330b,Financial,> $100M,Unassigned,
3a2d478c,Healthcare,> $100M,Unassigned,
d5b087dc,Tech,< $10M,Unassigned,
8250d7fc,Retail,> $100M,Unassigned,
bc8e602b,Tech,> $100M,Unassigned,
c6cb1f97,Tech,$10M - $100M,Unassigned,
89a07ebd,Healthcare,$10M - $100M,Unassigned,
7049971d,Healthcare,$10M - $100M,Unassigned,
148dd2c0,Healthcare,< $10M,Unassigned,
40c973ce,Healthcare,< $10M,Unassigned,
e25bdf14,Healthcare,< $10M,Unassigned,
3fde38de,Retail,$10M - $100M,Unassigned,
6e174823,Financial,< $10M,Unassigned,
fdb81d20,Retail,$10M - $100M,Unassigned,
777fe3db,Healthcare,< $10M,Unassigned,
dad3d579,Healthcare,< $10M,Unassigned,
e4e53777,Retail,$10M - $100M,Unassigned,
240753af,Financial,< $10M,Unassigned,
cc551182,Financial,> $100M,Unassigned,
2d1174ba,Retail,$10M - $100M,Unassigned,
48fbe9da,Tech,< $10M,Unassigned,
34ff9b1f,Retail,> $100M,Unassigned,
a4092858,Retail,< $10M,Unassigned,
261819f7,Tech,> $100M,Unassigned,
82f3e3c7,Healthcare,< $10M,Unassigned,
430852ea,Retail,< $10M,Unassigned,
743a09ee,Healthcare,< $10M,Unassigned,
575eca78,Retail,> $100M,Unassigned,
2b9d6728,Financial,< $10M,Unassigned,
b81b4f8a,Tech,< $10M,Unassigned,
873824c9,Tech,> $100M,Unassigned,
0b08efa8,Retail,$10M - $100M,Unassigned,
7a4304f7,Retail,$10M - $100M,Unassigned,
fb7de46d,Retail,< $10M,Unassigned,
c0275710,Retail,> $100M,Unassigned,
83ee264f,Financial,< $10M,Unassigned,
8f6280b9,Retail,$10M - $100M,Unassigned,
915bef7f,Tech,> $100M,Unassigned,
5abed41b,Retail,> $100M,Unassigned,
d587d96e,Financial,> $100M,Unassigned,
6710c467,Financial,$10M - $100M,Unassigned,
fc9686b6,Tech,< $10M,Unassigned,
89ad8695,Retail,> $100M,Unassigned,
076aba29,Tech,$10M - $100M,Unassigned,
175f1d5d,Tech,> $100M,Unassigned,
a17ad140,Financial,< $10M,Unassigned,
6b047fb5,Tech,> $100M,Unassigned,
29aa774c,Retail,$10M - $100M,Unassigned,
18029d21,Financial,$10M - $100M,Unassigned,
dcebcf91,Healthcare,> $100M,Unassigned,
2c860b47,Tech,< $10M,Unassigned,
6c30a885,Healthcare,< $10M,Unassigned,
3a0ec17b,Tech,> $100M,Unassigned,
81547ac0,Healthcare,$10M - $100M,Unassigned,
2a5173ed,Retail,$10M - $100M,Unassigned,
73245e21,Tech,$10M - $100M,Unassigned,
85b54e8d,Healthcare,$10M - $100M,Unassigned,
1843d9ca,Financial,< $10M,Unassigned,
94b7f02f,Tech,$10M - $100M,Unassigned,
aa0c2d09,Retail,< $10M,Unassigned,
d669f8a3,Financial,$10M - $100M,Unassigned,
b26a0f69,Retail,> $100M,Unassigned,
082ee244,Healthcare,$10M - $100M,Unassigned,
0993d5fd,Retail,< $10M,Unassigned,
68c3b29b,Retail,> $100M,Unassigned,
165db895,Healthcare,$10M - $100M,Unassigned,
db0604d9,Financial,< $10M,Unassigned,
00adf2c1,Tech,$10M - $100M,Unassigned,
c1f4e598,Tech,> $100M,Unassigned,
01d1ccee,Tech,> $100M,Unassigned,
833bff1d,Tech,$10M - $100M,Unassigned,
e2b2c3bf,Financial,$10M - $100M,Unassigned,
54bcfb7d,Tech,> $100M,Unassigned,
8305283c,Tech,> $100M,Unassigned,
25cdf12a,Financial,$10M - $100M,Unassigned,
3e9b5a53,Financial,$10M - $100M,Unassigned,
74378f13,Tech,< $10M,Unassigned,
d8818e44,Tech,$10M - $100M,Unassigned,
0973b03a,Retail,< $10M,Unassigned,
ccb97dbd,Financial,< $10M,Unassigned,
e81a1cf5,Tech,> $100M,Unassigned,
c6601cfb,Financial,> $100M,Unassigned,
d1be1b01,Tech,$10M - $100M,Unassigned,
23a83340,Financial,$10M - $100M,Unassigned,
db266e47,Healthcare,$10M - $100M,Unassigned,
26a4d1be,Healthcare,> $100M,Unassigned,
954d6c02,Retail,$10M - $100M,Unassigned,
9a3b1d8f,Tech,< $10M,Unassigned,
5c242d62,Financial,$10M - $100M,Unassigned,
aae1a279,Healthcare,$10M - $100M,Unassigned,
fdacb6a6,Healthcare,$10M - $100M,Unassigned,
b326a1d4,Healthcare,> $100M,Unassigned,
ea75c991,Healthcare,> $100M,Unassigned,
5cd1ff43,Retail,< $10M,Unassigned,
05b904b6,Financial,> $100M,Unassigned,
33e13c2b,Tech,$10M - $100M,Unassigned,
552bfbcb,Tech,< $10M,Unassigned,
cd4fafc0,Healthcare,$10M - $100M,Unassigned,
da41dfc2,Tech,> $100M,Unassigned,
36527567,Retail,> $100M,Unassigned,
3df8d5d7,Financial,< $10M,Unassigned,
dee804ed,Healthcare,> $100M,Unassigned,
b66c4b70,Tech,> $100M,Unassigned,
caf93669,Healthcare,> $100M,Unassigned,
c1562938,Tech,$10M - $100M,Unassigned,
e1f4e64e,Healthcare,$10M - $100M,Unassigned,
699c1c21,Tech,< $10M,Unassigned,
74ecd6a7,Healthcare,< $10M,Unassigned,
33055f87,Tech,$10M - $100M,Unassigned,
920b837e,Financial,> $100M,Unassigned,
35dcabd7,Financial,< $10M,Unassigned,
ce5ec6bf,Financial,< $10M,Unassigned,
8450e12c,Financial,> $100M,Unassigned,
bce4fc68,Healthcare,> $100M,Unassigned,
97b5d1c1,Tech,< $10M,Unassigned,
f036f3d4,Retail,< $10M,Unassigned,
f9309884,Retail,< $10M,Unassigned,
b501a4ee,Financial,< $10M,Unassigned,
0e6170df,Retail,> $100M,Unassigned,
7a6d5eda,Financial,< $10M,Unassigned,
a537b062,Financial,< $10M,Unassigned,
75de9499,Financial,> $100M,Unassigned,
fa156d18,Financial,< $10M,Unassigned,
5f8943f0,Tech,< $10M,Unassigned,
012615a7,Tech,> $100M,Unassigned,
8593b915,Retail,$10M - $100M,Unassigned,
cad90b76,Financial,< $10M,Unassigned,
56da5100,Healthcare,> $100M,Unassigned,
07f847dd,Tech,< $10M,Unassigned,
1a31cb90,Healthcare,$10M - $100M,Unassigned,
54160796,Financial,$10M - $100M,Unassigned,
5bba94dd,Financial,> $100M,Unassigned,
f5d391f7,Tech,< $10M,Unassigned,
b80a97ab,Retail,< $10M,Unassigned,
71befeb2,Healthcare,< $10M,Unassigned,
f2365536,Retail,> $100M,Unassigned,
da77505f,Healthcare,$10M - $100M,Unassigned,
5cb2a743,Retail,< $10M,Unassigned,
768f45af,Healthcare,< $10M,Unassigned,
eeb64014,Financial,< $10M,Unassigned,
c9a118ae,Financial,$10M - $100M,Unassigned,
7c3480c1,Financial,$10M - $100M,Unassigned,
5fa2807e,Healthcare,< $10M,Unassigned,
16e0ed06,Healthcare,$10M - $100M,Unassigned,
8d7aa5d9,Healthcare,$10M - $100M,Unassigned,
0624f0ee,Tech,$10M - $100M,Unassigned,
c383ded9,Tech,$10M - $100M,Unassigned,
f8de2cd1,Tech,$10M - $100M,Unassigned,
749b7402,Financial,< $10M,Unassigned,
72c00db6,Financial,> $100M,Unassigned,
0f26e023,Healthcare,$10M - $100M,Unassigned,
b7e7f8f5,Retail,$10M - $100M,Unassigned,
b33d5f7d,Tech,> $100M,Unassigned,
7704efb3,Financial,> $100M,Unassigned,
32367ca7,Retail,$10M - $100M,Unassigned,
7e7067d4,Healthcare,$10M - $100M,Unassigned,
79638373,Financial,> $100M,Unassigned,
e5c142bc,Financial,< $10M,Unassigned,
d854d984,Healthcare,< $10M,Unassigned,
8f0d6620,Retail,> $100M,Unassigned,
8f541ab8,Retail,> $100M,Unassigned,
53d9bb99,Financial,$10M - $100M,Unassigned,
216c817b,Tech,> $100M,Unassigned,
3f30da60,Retail,$10M - $100M,Unassigned,
2c246d4d,Retail,< $10M,Unassigned,
a2feb5ec,Healthcare,$10M - $100M,Unassigned,
a7362fbd,Tech,< $10M,Unassigned,
b1acbd7b,Retail,$10M - $100M,Unassigned,
dce5dc7c,Financial,< $10M,Unassigned,
fd13bcbd,Healthcare,> $100M,Unassigned,
d29f364b,Tech,< $10M,Unassigned,
ea234b43,Tech,$10M - $100M,Unassigned,
21f98252,Retail,> $100M,Unassigned,
b33d2713,Retail,$10M - $100M,Unassigned,
24277805,Tech,< $10M,Unassigned,
434c3142,Tech,$10M - $100M,Unassigned,
6db3c44b,Retail,< $10M,Unassigned,
9a5a7c97,Healthcare,$10M - $100M,Unassigned,
4fab2959,Tech,< $10M,Unassigned,
ba779117,Healthcare,$10M - $100M,Unassigned,
414779da,Retail,< $10M,Unassigned,
b0b52ae7,Tech,< $10M,Unassigned,
d3383617,Healthcare,< $10M,Unassigned,
a34e356e,Retail,> $100M,Unassigned,
5f7758a8,Retail,> $100M,Unassigned,
4c75d717,Financial,< $10M,Unassigned,
49f842c1,Retail,$10M - $100M,Unassigned,
870c8e84,Financial,> $100M,Unassigned,
b6c72f54,Financial,$10M - $100M,Unassigned,
237b5218,Tech,$10M - $100M,Unassigned,
e854db86,Retail,$10M - $100M,Unassigned,
9ae2a2bd,Healthcare,> $100M,Unassigned,
ae68b39b,Healthcare,< $10M,Unassigned,
389ba1d5,Tech,< $10M,Unassigned,
36b1e44c,Retail,> $100M,Unassigned,
4319597f,Financial,< $10M,Unassigned,
17338cf4,Healthcare,> $100M,Unassigned,
a343dc01,Healthcare,> $100M,Unassigned,
4faf3571,Retail,> $100M,Unassigned,
f7a0c1ac,Retail,$10M - $100M,Unassigned,
02ae7e43,Healthcare,< $10M,Unassigned,
bb2c55f9,Healthcare,$10M - $100M,Unassigned,
0efd4db2,Tech,$10M - $100M,Unassigned,
c8793e4f,Tech,$10M - $100M,Unassigned,
d3b60af9,Financial,< $10M,Unassigned,
45cd25f3,Healthcare,> $100M,Unassigned,
499b4456,Retail,$10M - $100M,Unassigned,
9f421bc8,Healthcare,> $100M,Unassigned,
ac2771de,Tech,> $100M,Unassigned,
8dd07b26,Financial,< $10M,Unassigned,
b7fe32a2,Tech,< $10M,Unassigned,
9b70dbd2,Retail,> $100M,Unassigned,
dda05d7b,Retail,< $10M,Unassigned,
d276c60c,Retail,$10M - $100M,Unassigned,
0bba8390,Healthcare,> $100M,Unassigned,
259b3863,Tech,< $10M,Unassigned,
fe95d73d,Financial,> $100M,Unassigned,
9919966a,Tech,< $10M,Unassigned,
44ef9f53,Financial,> $100M,Unassigned,
d6b2b406,Tech,< $10M,Unassigned,
ff210afd,Financial,< $10M,Unassigned,
a0a5fb99,Financial,< $10M,Unassigned,
a748bc33,Healthcare,$10M - $100M,Unassigned,
dc8e83a3,Healthcare,$10M - $100M,Unassigned,
de59bb36,Financial,< $10M,Unassigned,
cfe4bcc9,Healthcare,> $100M,Unassigned,
7f4928cc,Retail,< $10M,Unassigned,
5887b3a6,Financial,> $100M,Unassigned,
caca57d1,Tech,> $100M,Unassigned,
70d876f9,Healthcare,< $10M,Unassigned,
0f34069b,Retail,$10M - $100M,Unassigned,
1d9e8332,Retail,> $100M,Unassigned,
985d3123,Retail,< $10M,Unassigned,
13c3cb22,Tech,< $10M,Unassigned,
36046ed6,Financial,> $100M,Unassigned,
adb7c272,Tech,< $10M,Unassigned,
bef3dd34,Financial,< $10M,Unassigned,
b5fe97ee,Tech,< $10M,Unassigned,
13e324cc,Financial,< $10M,Unassigned,
a4aecc85,Retail,$10M - $100M,Unassigned,
31f367e2,Tech,> $100M,Unassigned,
3b7695b4,Financial,$10M - $100M,Unassigned,
43208797,Healthcare,> $100M,Unassigned,
7a7498bd,Financial,< $10M,Unassigned,
3e6010b0,Tech,< $10M,Unassigned,
4c0d9b02,Financial,< $10M,Unassigned,
ae2d1c08,Healthcare,> $100M,Unassigned,
b9fda377,Retail,< $10M,Unassigned,
a041448b,Tech,$10M - $100M,Unassigned,
b2df973d,Financial,> $100M,Unassigned,
c0c60424,Tech,< $10M,Unassigned,
844e46e0,Financial,< $10M,Unassigned,
f59cf155,Tech,$10M - $100M,Unassigned,
b873d058,Tech,> $100M,Unassigned,
5fe71cf3,Tech,$10M - $100M,Unassigned,
25f0e814,Tech,< $10M,Unassigned,
8c7b43a1,Financial,$10M - $100M,Unassigned,
39025baf,Healthcare,< $10M,Unassigned,
e667aafd,Tech,$10M - $100M,Unassigned,
40d1642a,Tech,> $100M,Unassigned,
719dfccf,Tech,> $100M,Unassigned,
e80e6006,Healthcare,< $10M,Unassigned,
333ee243,Retail,> $100M,Unassigned,
627a1c26,Healthcare,< $10M,Unassigned,
1cdd11b7,Tech,$10M - $100M,Unassigned,
a330a59f,Tech,$10M - $100M,Unassigned,
dbfc7122,Retail,$10M - $100M,Unassigned,
f2187e95,Financial,> $100M,Unassigned,
faff9ac0,Financial,$10M - $100M,Unassigned,
93d01bd1,Healthcare,$10M - $100M,Unassigned,
25c1e68f,Financial,< $10M,Unassigned,
9730f7a1,Retail,$10M - $100M,Unassigned,
2a0683ac,Healthcare,> $100M,Unassigned,
e2c8f96d,Retail,> $100M,Unassigned,
a87e0b04,Healthcare,$10M - $100M,Unassigned,
483d992e,Retail,< $10M,Unassigned,
d4f5509a,Healthcare,> $100M,Unassigned,
674d1df5,Tech,> $100M,Unassigned,
29927226,Financial,$10M - $100M,Unassigned,
4da1dfc6,Tech,> $100M,Unassigned,
79a76287,Healthcare,< $10M,Unassigned,
8732d565,Healthcare,> $100M,Unassigned,
e28c5eab,Financial,> $100M,Unassigned,
e5320437,Financial,> $100M,Unassigned,
1f940b1a,Retail,< $10M,Unassigned,
89592461,Financial,$10M - $100M,Unassigned,
7831f23b,Tech,> $100M,Unassigned,
ed6a0d1b,Financial,< $10M,Unassigned,
1dcd56c1,Tech,< $10M,Unassigned,
8095776b,Financial,> $100M,Unassigned,
9fbb2501,Tech,< $10M,Unassigned,
decd9d5a,Healthcare,< $10M,Unassigned,
62fb2d6a,Financial,< $10M,Unassigned,
a0dfcca6,Retail,< $10M,Unassigned,
4673936c,Tech,$10M - $100M,Unassigned,
7ac3a11a,Retail,$10M - $100M,Unassigned,
6218b599,Healthcare,> $100M,Unassigned,
9d386f9e,Retail,> $100M,Unassigned,
c7c78d12,Healthcare,< $10M,Unassigned,
3704ef89,Tech,$10M - $100M,Unassigned,
673853cb,Tech,$10M - $100M,Unassigned,
0899116e,Healthcare,> $100M,Unassigned,
4f440820,Financial,> $100M,Unassigned,
9e2fe71a,Healthcare,> $100M,Unassigned,
cb736cfe,Tech,$10M - $100M,Unassigned,
dcac29c5,Tech,< $10M,Unassigned,
84e9ec53,Healthcare,< $10M,Unassigned,
be44f8d8,Financial,$10M - $100M,Unassigned,
e915db1d,Financial,< $10M,Unassigned,
edfa976f,Tech,$10M - $100M,Unassigned,
da0206ff,Retail,$10M - $100M,Unassigned,
eed7738b,Tech,$10M - $100M,Unassigned,
c9e212fa,Tech,> $100M,Unassigned,
f1e60ebe,Tech,> $100M,Unassigned,
65140ae6,Tech,< $10M,Unassigned,
37fb2a61,Retail,> $100M,Unassigned,
54db6327,Tech,> $100M,Unassigned,
e957ffed,Retail,< $10M,Unassigned,
4de31009,Healthcare,> $100M,Unassigned,
e9523d98,Healthcare,$10M - $100M,Unassigned,
9559c549,Retail,$10M - $100M,Unassigned,
4b341e15,Financial,< $10M,Unassigned,
479aa78b,Retail,> $100M,Unassigned,
b1e8927f,Tech,< $10M,Unassigned,
44a8db0b,Financial,$10M - $100M,Unassigned,
49d0e0c4,Healthcare,< $10M,Unassigned,
a5ccff03,Tech,> $100M,Unassigned,
3317d71e,Retail,$10M - $100M,Unassigned,
8a54ec2a,Financial,$10M - $100M,Unassigned,
42518984,Retail,< $10M,Unassigned,
4b54d8e7,Financial,$10M - $100M,Unassigned,
26eb92d7,Retail,$10M - $100M,Unassigned,
d99e4351,Tech,< $10M,Unassigned,
1cc92c58,Retail,$10M - $100M,Unassigned,
f6d14614,Financial,< $10M,Unassigned,
bceb48de,Retail,> $100M,Unassigned,
40f2a2d8,Financial,$10M - $100M,Unassigned,
eacdc50c,Financial,> $100M,Unassigned,
5b5d5e76,Tech,< $10M,Unassigned,
affccbfa,Tech,< $10M,Unassigned,
68442f05,Retail,> $100M,Unassigned,
a7312dbc,Retail,$10M - $100M,Unassigned,
4d6ece67,Financial,$10M - $100M,Unassigned,
cba2abb6,Financial,$10M - $100M,Unassigned,
dfb714f1,Retail,> $100M,Unassigned,
3c0fda66,Retail,> $100M,Unassigned,
af888e01,Retail,< $10M,Unassigned,
2fc09acf,Healthcare,$10M - $100M,Unassigned,
06b9deb5,Tech,< $10M,Unassigned,
a63c63b8,Healthcare,$10M - $100M,Unassigned,
c58470d6,Healthcare,> $100M,Unassigned,
f441699b,Healthcare,< $10M,Unassigned,
817df3f5,Retail,$10M - $100M,Unassigned,
1be23269,Tech,$10M - $100M,Unassigned,
e993bbc8,Tech,$10M - $100M,Unassigned,
e334862b,Healthcare,$10M - $100M,Unassigned,
babedc28,Retail,> $100M,Unassigned,
1bb834b4,Retail,< $10M,Unassigned,
b29b483e,Tech,> $100M,Unassigned,
5a5abaa1,Financial,$10M - $100M,Unassigned,
9f4a7c95,Healthcare,< $10M,Unassigned,
5719c167,Healthcare,$10M - $100M,Unassigned,
2de63a48,Retail,> $100M,Unassigned,
911f6752,Retail,$10M - $100M,Unassigned,
8ae3e724,Healthcare,$10M - $100M,Unassigned,
d6939d8d,Tech,> $100M,Unassigned,
d4481a8c,Healthcare,< $10M,Unassigned,
198c3667,Healthcare,> $100M,Unassigned,
5072294d,Financial,> $100M,Unassigned,
22d5be06,Retail,> $100M,Unassigned,
948ca599,Financial,$10M - $100M,Unassigned,
55130000,Financial,$10M - $100M,Unassigned,
60798411,Tech,> $100M,Unassigned,
13380dd1,Retail,< $10M,Unassigned,
6bfa28ff,Financial,> $100M,Unassigned,
b3559c21,Retail,$10M - $100M,Unassigned,
f38392d2,Tech,$10M - $100M,Unassigned,
b3afc93c,Tech,$10M - $100M,Unassigned,
5c3db324,Retail,$10M - $100M,Unassigned,
b7564462,Healthcare,$10M - $100M,Unassigned,
df4caeff,Healthcare,< $10M,Unassigned,
b1330027,Financial,$10M - $100M,Unassigned,
345e1e80,Retail,< $10M,Unassigned,
0da0b991,Financial,< $10M,Unassigned,
9528cce8,Financial,> $100M,Unassigned,
0e75192f,Tech,< $10M,Unassigned,
2a6fd134,Financial,$10M - $100M,Unassigned,
d83fe647,Tech,$10M - $100M,Unassigned,
381a06a6,Tech,$10M - $100M,Unassigned,
4f06660e,Tech,> $100M,Unassigned,
02b516c4,Retail,< $10M,Unassigned,
d0e1954b,Financial,< $10M,Unassigned,
549ee2c1,Healthcare,< $10M,Unassigned,
48ecdf55,Tech,< $10M,Unassigned,
4a6dfaa3,Financial,> $100M,Unassigned,
3496b1f0,Financial,> $100M,Unassigned,
4aecc43b,Healthcare,$10M - $100M,Unassigned,
a4ed0912,Financial,$10M - $100M,Unassigned,
779cef93,Tech,< $10M,Unassigned,
a7dac009,Healthcare,> $100M,Unassigned,
4c534235,Retail,$10M - $100M,Unassigned,
80b2599f,Healthcare,< $10M,Unassigned,
b3caacb7,Financial,< $10M,Unassigned,
b1c153a9,Tech,$10M - $100M,Unassigned,
bb3eb022,Retail,$10M - $100M,Unassigned,
0a2a3336,Healthcare,$10M - $100M,Unassigned,
f15c780d,Healthcare,< $10M,Unassigned,
7e9244cb,Financial,$10M - $100M,Unassigned,
8b8780e5,Healthcare,< $10M,Unassigned,
942aa009,Financial,> $100M,Unassigned,
d5bcab30,Financial,< $10M,Unassigned,
78d1d425,Tech,$10M - $100M,Unassigned,
548c1d72,Retail,< $10M,Unassigned,
e444f061,Financial,$10M - $100M,Unassigned,
6fb34098,Tech,> $100M,Unassigned,
45e1c9e6,Healthcare,> $100M,Unassigned,
1e913311,Tech,> $100M,Unassigned,
cdc22145,Tech,> $100M,Unassigned,
c1e2e0c4,Financial,$10M - $100M,Unassigned,
16365788,Financial,$10M - $100M,Unassigned,
d08a5366,Healthcare,< $10M,Unassigned,
eed1f5c5,Healthcare,$10M - $100M,Unassigned,
ac8562e4,Healthcare,> $100M,Unassigned,
d0798967,Tech,> $100M,Unassigned,
beaebbe0,Retail,$10M - $100M,Unassigned,
50af1163,Tech,$10M - $100M,Unassigned,
88fd2b5c,Retail,> $100M,Unassigned,
504eebca,Tech,< $10M,Unassigned,
d3566256,Healthcare,$10M - $100M,Unassigned,
d9221666,Retail,$10M - $100M,Unassigned,
21e52cd5,Healthcare,$10M - $100M,Unassigned,
e6f97008,Retail,$10M - $100M,Unassigned,
c42ef5f7,Financial,< $10M,Unassigned,
f41694d2,Financial,> $100M,Unassigned,
6d21c2fd,Healthcare,> $100M,Unassigned,
cbbdb024,Tech,$10M - $100M,Unassigned,
d5612b76,Healthcare,$10M - $100M,Unassigned,
8d6413bb,Retail,> $100M,Unassigned,
d4687c37,Retail,$10M - $100M,Unassigned,
ef0b660d,Financial,> $100M,Unassigned,
8860c9fa,Retail,< $10M,Unassigned,
b83f72da,Healthcare,$10M - $100M,Unassigned,
ba502b12,Healthcare,$10M - $100M,Unassigned,
3389f13c,Tech,$10M - $100M,Unassigned,
e6feb831,Retail,> $100M,Unassigned,
f3eea26b,Retail,< $10M,Unassigned,
9b1f9012,Healthcare,< $10M,Unassigned,
7f44161e,Retail,$10M - $100M,Unassigned,
18ba896c,Financial,< $10M,Unassigned,
e35ae16d,Tech,< $10M,Unassigned,
e2508f91,Retail,< $10M,Unassigned,
925ffa4c,Retail,< $10M,Unassigned,
5909b1d2,Healthcare,$10M - $100M,Unassigned,
96e24ef8,Tech,$10M - $100M,Unassigned,
f0adb837,Tech,$10M - $100M,Unassigned,
4bab98d8,Retail,$10M - $100M,Unassigned,
64a7c98e,Retail,> $100M,Unassigned,
b9b7d99e,Retail,< $10M,Unassigned,
7a95371c,Retail,$10M - $100M,Unassigned,
fc0f8a35,Financial,$10M - $100M,Unassigned,
6df6a761,Healthcare,$10M - $100M,Unassigned,
0e4e7ea5,Tech,$10M - $100M,Unassigned,
9f8deeb9,Healthcare,> $100M,Unassigned,
e98ad449,Tech,> $100M,Unassigned,
58f88bb1,Tech,< $10M,Unassigned,
84ca7994,Healthcare,< $10M,Unassigned,
477cbecb,Tech,$10M - $100M,Unassigned,
01e3250a,Retail,< $10M,Unassigned,
069c8e8f,Retail,< $10M,Unassigned,
4afabdee,Financial,< $10M,Unassigned,
12fefdd9,Retail,> $100M,Unassigned,
eeb410fd,Healthcare,> $100M,Unassigned,
ec3e77f1,Financial,< $10M,Unassigned,
74b3057b,Financial,> $100M,Unassigned,
a8735732,Tech,$10M - $100M,Unassigned,
4143a316,Financial,< $10M,Unassigned,
5a851014,Financial,> $100M,Unassigned,
da7a4ffd,Financial,< $10M,Unassigned,
a0302c4b,Retail,< $10M,Unassigned,
a01ca47e,Tech,< $10M,Unassigned,
0e3f87d9,Tech,> $100M,Unassigned,
d13a5287,Healthcare,$10M - $100M,Unassigned,
53d08049,Financial,$10M - $100M,Unassigned,
6cfa822e,Financial,$10M - $100M,Unassigned,
7c6db5d1,Retail,> $100M,Unassigned,
22c3914c,Tech,> $100M,Unassigned,
59432c96,Retail,> $100M,Unassigned,
82e4ddd2,Healthcare,$10M - $100M,Unassigned,
59298c6d,Retail,< $10M,Unassigned,
1eb5a57f,Financial,$10M - $100M,Unassigned,
f6edec5a,Tech,> $100M,Unassigned,
a7302330,Financial,$10M - $100M,Unassigned,
e92d921d,Tech,$10M - $100M,Unassigned,
e1ebd7d2,Tech,$10M - $100M,Unassigned,
762c1a27,Retail,< $10M,Unassigned,
0c0555bd,Healthcare,$10M - $100M,Unassigned,
24b543cb,Healthcare,< $10M,Unassigned,
9f8b928d,Retail,< $10M,Unassigned,
7313c3af,Financial,> $100M,Unassigned,
f0eb2c95,Retail,$10M - $100M,Unassigned,
aee3063a,Healthcare,< $10M,Unassigned,
c8b83645,Financial,$10M - $100M,Unassigned,
fdcb07d3,Financial,< $10M,Unassigned,
c93a1057,Retail,$10M - $100M,Unassigned,
af1e06d7,Financial,$10M - $100M,Unassigned,
b39c8b1b,Tech,> $100M,Unassigned,
1e2c183c,Healthcare,> $100M,Unassigned,
24aa6772,Financial,> $100M,Unassigned,
f320b300,Tech,$10M - $100M,Unassigned,
3db983e9,Retail,$10M - $100M,Unassigned,
efd7c133,Tech,$10M - $100M,Unassigned,
7094ddf8,Financial,< $10M,Unassigned,
f0d0b78a,Retail,< $10M,Unassigned,
85017e31,Retail,> $100M,Unassigned,
3f73639d,Healthcare,< $10M,Unassigned,
f1e84c28,Financial,< $10M,Unassigned,
607be1d2,Financial,$10M - $100M,Unassigned,
f95a16a4,Tech,> $100M,Unassigned,
f8c98de8,Financial,$10M - $100M,Unassigned,
b9dab4ef,Financial,> $100M,Unassigned,
ca05e7d7,Financial,$10M - $100M,Unassigned,
16bf68ce,Financial,$10M - $100M,Unassigned,
a8a51d4a,Retail,$10M - $100M,Unassigned,
c23d0c15,Tech,> $100M,Unassigned,
0ee4a45b,Tech,$10M - $100M,Unassigned,
fb1a7791,Retail,< $10M,Unassigned,
4435c166,Tech,$10M - $100M,Unassigned,
5040ad4a,Financial,$10M - $100M,Unassigned,
41eb3682,Retail,< $10M,Unassigned,
44240e26,Financial,$10M - $100M,Unassigned,
247b265c,Financial,$10M - $100M,Unassigned,
702e5cd3,Financial,< $10M,Unassigned,
78901f7f,Healthcare,$10M - $100M,Unassigned,
f21ba687,Healthcare,> $100M,Unassigned,
4cfe2d77,Healthcare,> $100M,Unassigned,
44d9264d,Financial,> $100M,Unassigned,
971bb07b,Retail,> $100M,Unassigned,
925562f4,Healthcare,< $10M,Unassigned,
00612e4c,Financial,< $10M,Unassigned,
f307ca4d,Healthcare,$10M - $100M,Unassigned,
ded25571,Tech,$10M - $100M,Unassigned,
e32e546b,Tech,> $100M,Unassigned,
82dcc084,Retail,> $100M,Unassigned,
beccaf09,Retail,> $100M,Unassigned,
180e3027,Retail,$10M - $100M,Unassigned,
b51e4c5f,Financial,< $10M,Unassigned,
a36a169a,Tech,> $100M,Unassigned,
934e2ddc,Healthcare,> $100M,Unassigned,
9e8240e9,Financial,$10M - $100M,Unassigned,
be527805,Tech,> $100M,Unassigned,
17777280,Financial,> $100M,Unassigned,
90760f42,Tech,< $10M,Unassigned,
b388863a,Healthcare,< $10M,Unassigned,
98422954,Healthcare,> $100M,Unassigned,
0a967973,Tech,$10M - $100M,Unassigned,
e8df00ad,Healthcare,$10M - $100M,Unassigned,
8c3d4e47,Tech,> $100M,Unassigned,
8515db07,Retail,> $100M,Unassigned,
30b73741,Retail,$10M - $100M,Unassigned,
56dfef63,Retail,$10M - $100M,Unassigned,
54038b34,Financial,> $100M,Unassigned,
a4b51f3c,Healthcare,> $100M,Unassigned,
f847207e,Tech,> $100M,Unassigned,
a2cef631,Tech,< $10M,Unassigned,
8f294ff8,Financial,$10M - $100M,Unassigned,
8e566047,Financial,> $100M,Unassigned,
3ab74115,Healthcare,$10M - $100M,Unassigned,
aa880ebc,Healthcare,$10M - $100M,Unassigned,
978b9a29,Financial,> $100M,Unassigned,
0765e7f1,Retail,$10M - $100M,Unassigned,
f42d5672,Healthcare,$10M - $100M,Unassigned,
2741347e,Financial,> $100M,Unassigned,
32747fd2,Tech,< $10M,Unassigned,
f7c2a4bd,Tech,< $10M,Unassigned,
840a20ae,Retail,$10M - $100M,Unassigned,
6775cfb4,Healthcare,< $10M,Unassigned,
e8fddda4,Healthcare,$10M - $100M,Unassigned,
5ceace27,Retail,$10M - $100M,Unassigned,
0470d332,Retail,> $100M,Unassigned,
22159dae,Tech,> $100M,Unassigned,
66a5a0ab,Tech,$10M - $100M,Unassigned,
e2106705,Financial,< $10M,Unassigned,
90cde5e2,Tech,< $10M,Unassigned,
c01f7720,Healthcare,$10M - $100M,Unassigned,
b24031be,Retail,$10M - $100M,Unassigned,
e4f11a54,Healthcare,> $100M,Unassigned,
941f6618,Retail,> $100M,Unassigned,
44eff2d0,Retail,> $100M,Unassigned,
e85ccd4d,Tech,< $10M,Unassigned,
1a654560,Retail,> $100M,Unassigned,
8e44be73,Financial,< $10M,Unassigned,
c8b62733,Retail,> $100M,Unassigned,
ee88bb4f,Retail,> $100M,Unassigned,
eed621ad,Tech,> $100M,Unassigned,
336cd484,Financial,$10M - $100M,Unassigned,
68528575,Healthcare,> $100M,Unassigned,
84bec90c,Financial,< $10M,Unassigned,
b7927ba6,Retail,> $100M,Unassigned,
65da7a3f,Financial,$10M - $100M,Unassigned,
9797f7ef,Healthcare,< $10M,Unassigned,
ff45c61f,Financial,< $10M,Unassigned,
ccaf38b2,Retail,> $100M,Unassigned,
934f878c,Healthcare,< $10M,Unassigned,
14ba957e,Tech,< $10M,Unassigned,
074216b7,Retail,$10M - $100M,Unassigned,
146fd2db,Retail,> $100M,Unassigned,
b89661a2,Healthcare,$10M - $100M,Unassigned,
ba3a3e73,Financial,$10M - $100M,Unassigned,
cf1f12e4,Retail,< $10M,Unassigned,
46bc52fd,Healthcare,> $100M,Unassigned,
5213cdbc,Tech,$10M - $100M,Unassigned,
89e51f68,Retail,< $10M,Unassigned,
9e59ae38,Retail,$10M - $100M,Unassigned,
cfb69d20,Tech,< $10M,Unassigned,
3e83e762,Financial,> $100M,Unassigned,
35ba471f,Retail,$10M - $100M,Unassigned,
2b757db7,Financial,> $100M,Unassigned,
b4e8d34f,Tech,< $10M,Unassigned,
ee29975c,Tech,< $10M,Unassigned,
8fb4456c,Financial,$10M - $100M,Unassigned,
a5b9bf96,Tech,$10M - $100M,Unassigned,
4964b61b,Retail,$10M - $100M,Unassigned,
162fd2ba,Tech,$10M - $100M,Unassigned,
